Data,Otwarcie,Najwyzszy,Najnizszy,Zamkniecie,Wolumen
2015-01-02,51598.39,51598.39,51307.87,51378,19047698
2015-01-05,51309.21,51309.21,50516.71,50516.71,29630731
2015-01-07,50667.73,51481.52,50615.55,51350.42,42127890
2015-01-08,51558.05,52391,51558.05,52391,50575487
2015-01-09,52380.4,52393.37,51970.54,52065.88,38862111
2015-01-12,52057.14,52217.15,51666.75,51910.34,36914024
2015-01-13,51868.28,52585.44,51868.28,52443.1,45075053
2015-01-14,52164.31,52170.06,51683.04,51910.3,43064568
2015-01-15,52110.74,52188.32,50557.2,50616.63,94141719
2015-01-16,50443.44,50647.36,49943.11,50300.33,54225355
2015-01-19,50399.96,50485.44,49931.45,50230.33,40503266
2015-01-20,50408.12,50622.25,50058.56,50058.56,41660572
2015-01-21,50185.61,50918.41,50153.72,50918.41,40633004
2015-01-22,51040.19,51555.28,51040.19,51484.81,42396746
2015-01-23,51590.01,51771.22,51541.05,51680.12,43643531
2015-01-26,51436.13,51546.55,51246.21,51516.62,39896825
2015-01-27,51607.12,51931.34,51365.77,51578.85,53095191
2015-01-28,51728.82,51865.09,51371.18,51706.19,55346561
2015-01-29,51746.94,52107.42,51619.07,52040.24,40836692
2015-01-30,52133.12,52205.74,51978.86,52102.39,39689785
2015-02-02,52197.7,52314.78,51595.99,51923.51,39933517
2015-02-03,52030.28,52170.01,51749.77,52030.36,44236001
2015-02-04,52063.83,52120.98,51831.13,52049.85,47433511
2015-02-05,52005.74,52107.26,51823.11,52107.26,40917515
2015-02-06,52179.51,52417.42,52121.13,52417.42,43300556
2015-02-09,52323.15,52361.17,52045.5,52137.58,29797366
2015-02-10,52166.8,52315.28,52106.99,52140.43,30835688
2015-02-11,52230.57,52242.69,51859.13,51893.79,54229810
2015-02-12,51989.99,52167.92,51887.45,52139.81,36577562
2015-02-13,52251.36,52368.83,52143.81,52368.83,43075305
2015-02-16,52428.1,52687.21,52422.22,52634.84,32573654
2015-02-17,52619.03,52742.79,52479.04,52641.26,41346992
2015-02-18,52794.08,52834.2,52462.79,52476.64,42747558
2015-02-19,52567.71,52665.67,52447.9,52572.95,33257648
2015-02-20,52600.08,52665.77,52491.12,52566.43,24524249
2015-02-23,52765.52,52911.87,52712.9,52911.87,34097325
2015-02-24,52896.45,52968.27,52620.83,52949.64,44245586
2015-02-25,53020.78,53067.38,52796.67,52871.46,44412535
2015-02-26,52834.71,53042.6,52740.34,53042.6,41225478
2015-02-27,53060.97,53304.77,52972.25,53304.21,53534821
2015-03-02,53392.85,53410.75,53186.86,53343.92,40441715
2015-03-03,53287.87,53344.77,52742.17,52742.17,41301969
2015-03-04,52777.66,53182.71,52499.33,53161.92,45442635
2015-03-05,53315.99,53588.79,53315.99,53546.4,61946716
2015-03-06,53620.89,53678.33,53290.38,53381.8,39730440
2015-03-09,53301.97,53592.26,53232.6,53415.93,30435330
2015-03-10,53402.16,53456.91,52828.61,52838.22,39564083
2015-03-11,52898.78,53041.44,52763.24,53041.44,40601553
2015-03-12,53200.17,53239.4,52937,53136.13,39914550
2015-03-13,53179.56,53179.56,52610.73,52740.67,39827589
2015-03-16,52819.27,52951.49,52724.2,52874.24,34723853
2015-03-17,52976.04,53305.38,52921,53197.78,35398628
2015-03-18,53244.16,53425.97,53213.64,53364.63,40204209
2015-03-19,53506.3,54148.48,53506.3,54148.48,47176273
2015-03-20,54201.37,54477.36,54115.24,54477.36,94138861
2015-03-23,54552.26,54564.54,54228.68,54564.54,30034652
2015-03-24,54402.3,54519.36,54224.73,54437.39,41516010
2015-03-25,54356.18,54425.55,54102.7,54138.34,47469631
2015-03-26,53885.92,53948.38,53546.29,53649.9,42464275
2015-03-27,53712.57,53859.06,53607.28,53607.28,49350988
2015-03-30,53798.77,54106.37,53798.77,54106.37,41275351
2015-03-31,54089.6,54200.26,53889.72,54091.32,41160418
2015-04-01,53985.99,54197.45,53953.71,54032.68,50846564
2015-04-02,54045.72,54179.04,54017.64,54179.04,40923206
2015-04-07,54295.49,54699.04,54290.71,54490.95,48115698
2015-04-08,54557.85,54724.37,54522.46,54647.1,57557121
2015-04-09,54680.61,55063.85,54658.01,55063.85,50562144
2015-04-10,55186.41,55243.48,54938.65,55026.26,43248906
2015-04-13,55039.68,55058.65,54841.51,55027.41,32808797
2015-04-14,55030.27,55039.06,54776.12,54971.31,37330048
2015-04-15,54948.55,55648.2,54948.55,55648.2,49412852
2015-04-16,55718.53,56165.1,55708.22,56165.1,49400681
2015-04-17,56088.4,56311.48,55459.57,55459.57,44608863
2015-04-20,55593.17,56241.18,55593.17,56191.3,39274076
2015-04-21,56388.23,56591.82,56052.07,56226.22,43081792
2015-04-22,56242.46,56515.49,56070.23,56450.94,46950985
2015-04-23,56651.5,56666.79,56227.87,56492.95,36874090
2015-04-24,56519.96,56630.28,56274.48,56518.96,36626740
2015-04-27,56584.16,57148.74,56514.3,57060.97,46543110
2015-04-28,57020.73,57192.85,56866.3,56993.2,47737668
2015-04-29,57074.8,57141.04,56449.23,56559.4,35874856
2015-04-30,56509.25,56684.01,56352.35,56477.69,41915356
2015-05-04,56759.18,56871.4,56562,56699.49,37872274
2015-05-05,56665.28,56806.24,56312.81,56442.25,42623343
2015-05-06,56412.84,56928.56,56372.05,56928.56,56624450
2015-05-07,56955.25,56980.41,56420.51,56911.34,44483550
2015-05-08,57064.04,57460.44,57051.18,57379.45,43525283
2015-05-11,57308.83,57404.6,57238.64,57262.52,31931268
2015-05-12,57299.39,57304.71,56775.13,57304.71,37884968
2015-05-13,57324.03,57436.98,57165.66,57246.74,50213947
2015-05-14,57229.22,57231.71,56833.23,56845.83,43764396
2015-05-15,56928.82,57066.35,56842.55,56901.42,36765644
2015-05-18,57088.52,57233.42,56906.68,57044.04,37017366
2015-05-19,57160.21,57244.95,56944.22,56968.61,38512497
2015-05-20,56925.08,56955.49,56550.25,56925.9,36588130
2015-05-21,56955.91,57001.44,56703.32,56990.6,30068887
2015-05-22,56973.03,56973.03,56638.8,56828.92,35733633
2015-05-25,56401.76,56493.72,55749.83,55957.5,28955409
2015-05-26,55875.53,56022.01,55553.99,55553.99,36892574
2015-05-27,55642.23,55862.06,55498.11,55862.06,45725746
2015-05-28,55896.87,55939.44,55556.13,55556.13,27267750
2015-05-29,55599.86,55851.68,55531.79,55531.79,61560525
2015-06-01,55599.98,55761.48,55463.22,55605.71,30417168
2015-06-02,55535.28,55551.74,55008.41,55045.4,34305360
2015-06-03,55128.96,55162.61,54707.67,54749.74,38937668
2015-06-05,54637.41,54644.08,54246.72,54278.69,30073543
2015-06-08,54301.82,54406.24,53953.21,53966.77,31432305
2015-06-09,53953.89,54237.83,53576.17,53576.17,44426596
2015-06-10,53628.08,54453.81,53617.7,54392.95,54281586
2015-06-11,54493.55,54565.77,54261.18,54357.69,31877983
2015-06-12,54369,54374.21,53945.35,53956.79,24749526
2015-06-15,53892.37,54191.73,53795.89,53977.29,20888133
2015-06-16,53947.95,53996.25,53741.2,53934.03,35422994
2015-06-17,54034.66,54160.75,53115.11,53203.7,37941414
2015-06-18,53205.71,53423.03,52869.33,53408.53,37070376
2015-06-19,53565.18,53641.53,53039.35,53039.35,53923937
2015-06-22,53380.27,54121.68,53380.27,54104.26,22591147
2015-06-23,54305.16,54329.49,54017.19,54017.19,25676482
2015-06-24,54114.21,54209.48,53863.85,54114.37,34966351
2015-06-25,54045.06,54449.16,54013.66,54141.2,40094251
2015-06-26,54072.42,54119.54,53808.87,53836.45,32798337
2015-06-29,51892.58,53093.04,51817.29,52905.49,35875742
2015-06-30,52741.47,53433.58,52737.61,53328.98,42374350
2015-07-01,53330.19,53671.33,52993.39,52993.41,31012358
2015-07-02,53049.95,53267.21,52908.03,53074.71,35544804
2015-07-03,53123.56,53175.8,52543.58,52764.91,20527980
2015-07-06,52121.44,52705.47,52121.44,52590.36,26822943
2015-07-07,52762.12,52860.95,51586.16,51586.16,39358360
2015-07-08,51504.17,51739.73,51243.99,51370.03,46768344
2015-07-09,51459.34,51658.71,51240.77,51658.71,31072533
2015-07-10,51899.91,52682.08,51899.91,52588.42,34442771
2015-07-13,52912.01,52978.62,52639.48,52773.18,34838014
2015-07-14,52802.76,52834.02,52480.21,52700.22,32308625
2015-07-15,52709.8,52782.43,52442.43,52764.78,28709311
2015-07-16,53000.14,53588.24,52946.51,53588.24,42546750
2015-07-17,53649.54,53687.9,53320.14,53428.96,28104331
2015-07-20,53389.56,53498.84,52744.66,52753.8,29871766
2015-07-21,52915.42,53056.19,52520.84,52839.41,31757465
2015-07-22,52722.94,52736.29,51635.34,51698.05,40307259
2015-07-23,51622.04,51986.22,51438.32,51986.22,35531926
2015-07-24,51909.83,52125.02,51753.07,51860.33,41997313
2015-07-27,51899.07,51899.07,51287.52,51738.86,43227095
2015-07-28,51856.62,52132.64,51828.26,51906.91,49759106
2015-07-29,52136.54,52732.92,51943.42,52288.1,52911787
2015-07-30,52495.82,52595.36,51850.93,52011.81,33726044
2015-07-31,52137.4,52750.94,51982.29,52750.94,46428758
2015-08-03,52653.31,52837.12,52579.47,52808.18,32940129
2015-08-04,52761.18,52989.92,52616.18,52941.88,54380600
2015-08-05,52908.14,53694.88,52908.14,53694.88,54933947
2015-08-06,53111.39,53111.39,52296.62,52418.07,122128154
2015-08-07,52429.35,52623.87,52271.23,52425.2,48220806
2015-08-10,52690.17,52931.39,52457.8,52931.39,36151803
2015-08-11,52943.67,53202.42,52802.39,52934.34,49065691
2015-08-12,52777.07,52777.07,52272.17,52554.93,48368531
2015-08-13,52760.22,53045.73,52760.07,52995.96,58516629
2015-08-14,53083.77,53170.17,52513.85,52566.45,56978844
2015-08-17,52597.98,52701.83,52019.34,52072.06,42284963
2015-08-18,52017.8,52138.82,51833.51,51933.37,51912712
2015-08-19,52093.29,52452.86,51980.15,52452.86,74218810
2015-08-20,52335.69,52634.79,52297.16,52508.32,62889028
2015-08-21,51919.52,52239.29,51850.61,51850.61,55791747
2015-08-24,50321.87,50334.4,48048.05,48916.6,97802132
2015-08-25,48587.14,50096.59,48521.23,49372.33,71577137
2015-08-26,49099.15,49535.56,48903.36,49318.58,59709544
2015-08-27,49931.51,50377.03,49905.34,50366.09,56586132
2015-08-28,50646.57,50972.44,50311.25,50972.44,59193665
2015-08-31,50890.28,51280.39,50735.87,51280.38,138394180
2015-09-01,50854.1,50893.38,50200.15,50292.2,54967651
2015-09-02,50343.27,50480.09,50135.97,50135.97,69711424
2015-09-03,50325.91,51003.17,50325.91,50977.06,59477664
2015-09-04,50847.52,50905.56,50506.31,50792.08,59324111
2015-09-07,51035.26,51064.2,50498.77,50498.77,43134619
2015-09-08,50630.25,50878.1,50509.11,50644.7,47397364
2015-09-09,51143.72,51282.28,50806.62,50806.62,73073997
2015-09-10,50769.5,51527.08,50769.5,51527.08,58478364
2015-09-11,51553.03,51681.05,51416.34,51519.45,71191475
2015-09-14,51375.3,51484.62,51161.03,51484.62,54310657
2015-09-15,51410,51523.79,51225.16,51484.93,76820630
2015-09-16,51573.16,51621.11,51218.68,51532.65,60725627
2015-09-17,51500.97,51880.22,51478.98,51801.58,66254455
2015-09-18,51790.8,51806.3,50966.57,51303.79,77190703
2015-09-21,51345.07,51499.93,51210.01,51499.88,40502402
2015-09-22,51533.3,51592.2,50609.81,50713.83,65134439
2015-09-23,50676.81,50777.86,50096.11,50160.5,56657270
2015-09-24,50220.81,50389.24,49471.07,49701.31,61044434
2015-09-25,49985.96,50213.98,49854.6,49935.09,46766932
2015-09-28,49888.37,49995.14,49160.95,49231.74,43034989
2015-09-29,48750.48,49360.45,48612.63,49257.71,69622100
2015-09-30,49530.32,49824.59,49318.49,49824.59,53719903
2015-10-01,50010.87,50073.74,49517.21,49593.95,49549904
2015-10-02,49670.25,49767.46,49117.34,49275.66,36793068
2015-10-05,49568.13,50407.36,49516.62,50312.86,50446125
2015-10-06,50307.94,50762.75,50198.55,50733.51,63011858
2015-10-07,50894.92,51005.27,50636.19,50961.87,54027466
2015-10-08,50779.01,51310.46,50733.97,51222.77,69825765
2015-10-09,51511.33,51749.79,51443.32,51710.74,80092936
2015-10-12,51837.74,51888.15,51411.92,51569.81,59479545
2015-10-13,51455.24,51476.99,51036.01,51310.64,60417408
2015-10-14,51111.87,51488.55,50971.94,51174.59,65361655
2015-10-15,51360.47,51632.93,51360.47,51599.62,57553560
2015-10-16,51807.6,51909.32,51391.65,51391.65,49939357
2015-10-19,51381.67,51594.67,51178.89,51264.77,42953982
2015-10-20,51193.74,51465.12,51169.05,51442.51,44728134
2015-10-21,51509.95,51542.18,51101.16,51183.06,47629171
2015-10-22,51216.9,51255.64,50919.24,51094.29,54555126
2015-10-23,51192.96,51402.78,51090.18,51157.09,48712724
2015-10-26,50787.47,51433.35,50787.47,51233.42,54241010
2015-10-27,51193.23,51290.19,51056.76,51277.72,45519269
2015-10-28,51168.93,51198.42,50940.54,51198.42,37262176
2015-10-29,51122.21,51148.41,50156.06,50262.68,49339447
2015-10-30,50287.77,50344.86,49992.51,50271.65,40282550
2015-11-02,50320.78,50706.89,50229.38,50642.89,34757596
2015-11-03,50750.34,50767.7,50349.68,50367.53,42991792
2015-11-04,50460.1,50776.76,50274.73,50466.34,56212378
2015-11-05,50392.4,50504.31,50095.48,50125.85,46145541
2015-11-06,50120.65,50155.47,49544.32,49599.29,58990939
2015-11-09,49671.72,49786.8,49197.77,49428.71,47803021
2015-11-10,49492.49,49718.38,49276.83,49538.05,55894116
2015-11-12,49714.75,49778.74,49159.12,49358.2,45862385
2015-11-13,49165.01,49285.51,48656.31,48697.1,50941751
2015-11-16,48448.78,48654.85,48252.45,48462.93,60417628
2015-11-17,48652.56,49193.85,48652.56,49119.09,56869606
2015-11-18,49101.96,49349.54,48862.75,49345.31,60601335
2015-11-19,49467.17,49533.78,49091.96,49177.74,39740937
2015-11-20,49298.4,49434.92,49198.96,49434.43,39792425
2015-11-23,49219,49219,48247.17,48597.23,61429863
2015-11-24,48631.52,48631.52,47603.61,47908.15,53658333
2015-11-25,48035.21,48222.26,47748.35,47945.27,61558122
2015-11-26,48110.58,48418.14,48061.9,48418.14,42890481
2015-11-27,48341.22,48398.54,47919.88,47996.8,37288087
2015-11-30,47976.54,48216.46,47748.3,47915.91,81912355
2015-12-01,48057.16,48267.19,47750.36,47803.6,48202486
2015-12-02,47761.45,47831,46830.2,47002.61,65791078
2015-12-03,46893.36,47288.48,46626.55,46693.09,68333527
2015-12-04,46543.7,46612.96,45349.68,46537.67,86147725
2015-12-07,46820.74,46984.87,46468.19,46510.96,63524589
2015-12-08,46433.78,46709.17,45488.85,45609,89234541
2015-12-09,45624.06,45733.66,44661.48,44670.09,106754780
2015-12-10,44824.16,45355.71,44814.25,45093.65,112577960
2015-12-11,45514.45,45602.99,44220.32,44220.32,102173270
2015-12-14,44294.52,44329.42,43724.52,43887.16,54153840
2015-12-15,44029.98,44307.89,44011.96,44304.68,51925267
2015-12-16,44454.99,45033.61,44357.46,44894.37,61481574
2015-12-17,45151.17,46087.02,45143.91,45684.05,83158266
2015-12-18,45500.83,46068.73,45474.41,45996.81,76201286
2015-12-21,45942.02,46324.25,45875.28,46247.43,47970501
2015-12-22,46304.38,46468.12,46037.29,46421.28,43253596
2015-12-23,46551.09,46649.73,46426.37,46564.08,35721223
2015-12-28,46493.65,46577.27,46386.72,46564.67,37261082
2015-12-29,46786.58,47182.23,46760.95,47042.15,38220125
2015-12-30,47101.11,47165.44,46426.75,46467.38,58799767
2016-01-04,45701.18,45701.18,45271.24,45356.65,30060498
2016-01-05,45531.14,45621.02,44906.24,45200.77,47254953
2016-01-07,44338,44518.15,44094.25,44195.91,59752874
2016-01-08,44373.03,44463.67,43586.89,43770.51,51496932
2016-01-11,43671.6,43772.17,43239.85,43241.06,53848960
2016-01-12,43543.04,44281.67,43543.04,44214.32,62848329
2016-01-13,44559.52,44905.71,44408.06,44708.04,81726785
2016-01-14,44391.18,44596.08,43981.65,44596.08,68052136
2016-01-15,44354.09,44479.75,43719.53,43719.53,67633827
2016-01-18,43155.99,43392.12,42464.6,42464.6,54240319
2016-01-19,42962.05,43204.3,42738.28,42738.28,61699825
2016-01-20,42392.13,42824.73,41964.77,42152.7,90804699
2016-01-21,42358.3,42770.38,41747.01,42180.3,72031636
2016-01-22,42636.69,43105.88,42636.69,43039.42,82373271
2016-01-25,43286.11,43344.42,42971.63,43202.95,52083112
2016-01-26,42781.33,43105.62,42711.67,42924.6,62071840
2016-01-27,42936.37,43236.46,42923.41,43236.46,56883769
2016-01-28,43232.44,43911,43232.44,43778.96,62767843
2016-01-29,44012.48,44290.05,43831.78,44290.05,71011134
2016-02-01,44257.2,44294.89,44002.51,44294.89,48891225
2016-02-02,44340.44,44343.17,43526.53,43563.88,56312332
2016-02-03,43581.47,43814.46,43427.62,43630.57,63835538
2016-02-04,43968.87,44557.64,43941.73,44557.64,63194729
2016-02-05,44608.41,44906.53,44477.49,44671.66,52815543
2016-02-08,44646.14,44700.02,43985.24,44155.15,36833475
2016-02-09,44038.76,44129.14,43631.35,44006.87,45454763
2016-02-10,44104.2,44447.59,43858.58,43858.58,49129178
2016-02-11,43801.86,43861.55,43230.24,43741.96,41578270
2016-02-12,43862.54,44168.36,43849.4,43849.4,50187339
2016-02-15,44314.5,44521.04,44239.56,44377.27,63468649
2016-02-16,44437.73,44468.29,43971.05,44288.45,52810995
2016-02-17,44322.7,45639.62,44322.7,45639.62,90611294
2016-02-18,45677.49,46278.94,45559,45834.88,68710715
2016-02-19,45693.93,45768.13,45385.24,45455.8,51557703
2016-02-22,45841.77,46272.05,45841.77,45911.56,59233698
2016-02-23,45647.66,46005.16,45545.7,45760.95,40822416
2016-02-24,45744.68,45819.1,45108.5,45192.06,38262368
2016-02-25,45385.3,45680.88,45276.37,45497.77,37427560
2016-02-26,45804.33,46043.65,45724.22,45770.44,57205144
2016-02-29,45605.45,45625.26,45210.9,45430.29,80761289
2016-03-01,45480.07,45520.54,44843.16,45344.54,66630484
2016-03-02,45622.08,45664.51,45083.11,45371.99,49235100
2016-03-03,45487.76,46448.27,45404.46,46448.27,57244270
2016-03-04,46562.2,46562.2,46202.08,46400.67,55320032
2016-03-07,46467.99,46843.48,46399.3,46843.48,50522319
2016-03-08,46620,46829.09,46387.19,46534.99,42971382
2016-03-09,46499.97,46557.26,46229.69,46482.03,42394451
2016-03-10,46473.38,47049.18,46420.92,46686.74,61167208
2016-03-11,46938.2,47267.12,46907.59,47182.13,69611023
2016-03-14,47427.54,47554.71,47100.8,47299.51,56072408
2016-03-15,47199.25,47287.2,46996.34,47114.63,61849839
2016-03-16,47212.18,47288.6,46829.51,47077.47,76328475
2016-03-17,47292.94,47937.57,47201.01,47833.39,78049006
2016-03-18,47811.47,48228.56,47771.38,48211.45,105062792
2016-03-21,48029.37,48164.67,47815.24,48051.62,51451730
2016-03-22,47956.74,48166.78,47679.88,48166.78,67727702
2016-03-23,48171.2,48306.62,47557.94,47748.48,57738744
2016-03-24,47656.19,47778.01,47353.41,47778.01,42199275
2016-03-29,47885.22,48221.62,47835.98,48135.98,50081320
2016-03-30,48380.66,48990.52,48329.95,48990.52,60382930
2016-03-31,48788.28,49017.35,48620.24,49017.35,69283748
2016-04-01,48745.62,48795.67,48241.55,48506.46,41421633
2016-04-04,48535.72,48815.8,48347.97,48815.8,33706373
2016-04-05,48569.08,48598.6,47790.29,47790.29,48020074
2016-04-06,47941,47948.6,47308.65,47352.08,43295886
2016-04-07,47589.06,47762.81,47025.11,47231.36,44093410
2016-04-08,47336.78,47556.03,47205.98,47556.03,36568235
2016-04-11,47556.88,47788.14,47373.74,47476.31,32070380
2016-04-12,47512.7,47587.82,47076.84,47351.22,33297947
2016-04-13,47698.46,48138.55,47698.46,48124.56,48540456
2016-04-14,48092.35,48333.52,47993.6,48285.21,41510907
2016-04-15,48291.55,48291.55,47879.97,48095.43,39272183
2016-04-18,47793.92,48195.06,47700.97,48195.06,38464179
2016-04-19,48401.11,48650,48345.75,48596.34,47314826
2016-04-20,48535.73,48632.8,48357.73,48632.8,62036306
2016-04-21,48830.14,48847.22,48274.69,48514.39,66843541
2016-04-22,48494.11,48545.02,48114.28,48446.39,53751069
2016-04-25,48365.58,48423.27,47970.8,48139.15,49593720
2016-04-26,48123.6,48222.64,47803.34,47914.18,53140016
2016-04-27,47866.06,48003.74,47398.13,47513.91,47027222
2016-04-28,47466.14,47664.57,47212.65,47643.7,52951244
2016-04-29,47613.78,47661.89,47344.27,47641.99,41553274
2016-05-02,47681.11,47954.08,47566.43,47720.21,16836928
2016-05-04,47457.73,47528.05,46918.77,47020.92,46268395
2016-05-05,46939.33,46948.81,46405.1,46430.16,32467261
2016-05-06,46487.6,46775.3,46228.42,46663.67,57345983
2016-05-09,46790.7,46861.92,46569.48,46628.94,41187465
2016-05-10,46649.26,46744.51,46033.12,46178.72,38491456
2016-05-11,46157.22,46242.77,45972.42,46053.07,40847470
2016-05-12,46090.27,46409.74,45969.61,46022.02,36787973
2016-05-13,46020.87,46261.22,45933.17,46063.67,27326362
2016-05-16,46463.09,46914.82,46450.95,46825.77,34884630
2016-05-17,46997.32,47143.86,46665.23,46711.75,53273517
2016-05-18,46663.77,46808.35,46410.41,46609.83,42250363
2016-05-19,46489.7,46579.81,45694.16,45751.68,42107008
2016-05-20,45770.12,45988.68,45549.91,45784.76,33584833
2016-05-23,45801.86,46103.97,45618.02,46042.23,30012548
2016-05-24,45968.72,46343.29,45916.01,46275.18,38406967
2016-05-25,46447.69,46837.08,46429.52,46695.37,44340339
2016-05-27,46733.82,46852.3,46559.82,46634.55,32284275
2016-05-30,46658.48,46662.16,46346.64,46572.23,21157931
2016-05-31,46710.74,46713.89,45844.15,45844.15,67515419
2016-06-01,45851.15,45855.95,44611.54,44700.67,54913418
2016-06-02,44659.94,44973.49,44499.31,44772.72,40522222
2016-06-03,44809.53,45524.31,44793.96,45523.93,48445950
2016-06-06,45741.08,45783.06,45251.85,45582.8,23196283
2016-06-07,45709.98,46365.69,45709.98,46365.69,39536734
2016-06-08,46263.25,46693.34,45978.31,46551.54,40580297
2016-06-09,46520.31,46543.23,45928.98,45940.12,33551768
2016-06-10,46002.11,46002.11,45253.03,45348.2,30768676
2016-06-13,44965.76,45142.43,44716.3,45117.85,28990672
2016-06-14,45007.47,45014.04,44459.23,44729.08,35624523
2016-06-15,44874.83,44987.01,44741.49,44916.52,38284625
2016-06-16,44438.79,44486.44,43828.13,44007.81,63427569
2016-06-17,44242.42,44694.89,44230.53,44606.86,60781699
2016-06-20,45001.12,45430.36,44964.07,45344.03,33302233
2016-06-21,45197.91,45782.01,45197.91,45782.01,41320930
2016-06-22,45853.19,46229.57,45619.66,46196.74,43697234
2016-06-23,46133.06,46826.85,46039.95,46826.85,40875771
2016-06-24,43079.47,44773.75,42812.99,44773.75,77108256
2016-06-27,44662.18,44691.48,44045.53,44045.53,43032760
2016-06-28,44507.9,44741.82,44388.16,44613.59,72286772
2016-06-29,44835.96,44897.75,44574.73,44807.16,50662185
2016-06-30,44735.14,44800.29,44490.12,44748.53,54489885
2016-07-01,44973.52,45028.11,44485.09,44754.05,32766717
2016-07-04,44316.43,44409.69,43872.21,44294.15,37528515
2016-07-05,44344.85,44422.31,44117.31,44118.09,29185712
2016-07-06,44074.59,44159.23,43534.02,43549.58,47036890
2016-07-07,43790.36,44273.56,43778.8,44077.16,44728007
2016-07-08,44151.71,44320.11,44024.66,44024.66,32048913
2016-07-11,44490.94,44875.62,44490.94,44875.62,37830188
2016-07-12,44985.3,45260.79,44952.51,45140.51,45814356
2016-07-13,45160.39,45310.02,44837.76,45017.78,51847736
2016-07-14,45197.13,45246.26,44951.37,45246.26,41605707
2016-07-15,45243.97,45660.97,45220.3,45540.6,43276993
2016-07-18,45741.46,46162.79,45713.13,46118.19,34532765
2016-07-19,46226.05,46251.65,45958.4,46251.65,32103442
2016-07-20,46414.89,46504.82,46165.3,46504.82,33760277
2016-07-21,46487.36,46639.17,46366.07,46639.17,35543400
2016-07-22,46513.8,46638.15,46298.03,46541.69,33567596
2016-07-25,46781.98,47069.57,46781.98,47026.01,32594757
2016-07-26,46997.25,47003.64,46736.58,46905.6,37679646
2016-07-27,46818.98,46875.93,46565.2,46803.82,46758865
2016-07-28,46780.65,46815.11,46599.72,46718.98,40754669
2016-07-29,46754.14,46754.14,46104.84,46171.72,52689702
2016-08-01,46328.4,46499.32,46052.49,46221.38,33395282
2016-08-02,46700.67,47273.66,46540.18,47031.7,138314554
2016-08-03,47095.32,47143.85,46701.79,46762.24,53899507
2016-08-04,46931.66,47407.09,46881.97,47407.09,47662191
2016-08-05,47451.97,47634.1,47310.67,47604.22,32670011
2016-08-08,47701.25,47935.86,47701.25,47910.99,30765056
2016-08-09,47919.88,48301.34,47712.78,48260.19,40408937
2016-08-10,48218.19,48400.99,48109.81,48400.99,42934138
2016-08-11,48445.06,48675.96,48282.04,48675.96,48258627
2016-08-12,48660.74,48776.53,48559.68,48631.44,45773635
2016-08-16,48605.94,48646.21,48376.17,48463.51,43420251
2016-08-17,48450.02,48466.65,47920.61,48006.75,43789056
2016-08-18,48003.25,48113.24,47686.81,47967.07,39925313
2016-08-19,48055.68,48074.18,47489.01,47536.72,50034486
2016-08-22,47513.29,47751.24,47475.27,47619.49,46633019
2016-08-23,47501.33,47671.1,47282.2,47524.92,55052963
2016-08-24,47376.54,47541.92,47220.32,47478.83,47100475
2016-08-25,47535.17,47535.17,47288.23,47464.07,61970861
2016-08-26,47377.37,47541.63,47343.22,47456.36,48569078
2016-08-29,47371.62,47527.08,47308.94,47427.99,29663142
2016-08-30,47442.34,47990.73,47375.81,47989.59,48832282
2016-08-31,47946.59,47993.46,47807.5,47935.1,53855929
2016-09-01,48045.86,48123.6,47157.85,47221.32,61752071
2016-09-02,47187.63,47413.95,47121.34,47405.71,44174917
2016-09-05,47494.31,48052.05,47494.31,47980.57,48015936
2016-09-06,48140.1,48218.25,47721.81,48081.09,49737419
2016-09-07,48232.99,48570.06,48232.99,48478.28,51665190
2016-09-08,48533.07,48636.67,48083.9,48129.15,46085844
2016-09-09,48062.45,48121.71,47304.12,47326.14,40837070
2016-09-12,46904.26,47046.26,46321.24,46756.18,43849545
2016-09-13,46951.94,47099.59,46599.79,46797.85,47771809
2016-09-14,46911.63,47069.79,46780.88,46988.55,31111198
2016-09-15,47067.56,47221.3,47027.43,47198.39,33507136
2016-09-16,47254.48,47294.31,47018.53,47166.67,63147219
2016-09-19,47345.25,47649.61,47311.28,47405.08,34087693
2016-09-20,47323.45,47528.84,47266.99,47528.84,36548575
2016-09-21,47569.98,47660.82,47513.57,47625.23,47824498
2016-09-22,47854.67,48154.88,47589.6,48154.88,82105873
2016-09-23,48091.47,48091.47,47580.02,47865.78,45722846
2016-09-26,47641.42,47641.42,47226.31,47448.1,38112243
2016-09-27,47458.49,47496.49,46930.43,47278.65,47041438
2016-09-28,47310.88,47428.93,47118.15,47317.71,44618582
2016-09-29,47554.4,47644.51,47203.89,47494.62,46798526
2016-09-30,47208.49,47446.57,47084.94,47084.94,53946578
2016-10-03,47169.38,47438.24,47106.19,47399.32,32210922
2016-10-04,47524.09,47976.57,47505.51,47900.66,51456041
2016-10-05,47927.81,48141.42,47722.85,48017.65,50173107
2016-10-06,48006.01,48058.5,47808.74,48014.44,42774330
2016-10-07,48046.12,48047.43,47762.81,47762.81,39542355
2016-10-10,47929.53,48093.71,47825.88,48027.79,27664100
2016-10-11,48142.35,48147.94,47848.29,47912.93,43977701
2016-10-12,47793.73,47924.95,47613.78,47924.95,43167780
2016-10-13,47765.2,47777.92,47303.15,47303.15,54330748
2016-10-14,47459.6,47586.17,47285.64,47285.64,40052169
2016-10-17,47260.82,47496.27,47184.85,47264.17,37316147
2016-10-18,47444.67,47607.25,47223.45,47436.67,49230103
2016-10-19,47490.61,47962.24,47432.08,47876.12,62399683
2016-10-20,48091.7,48096.61,47879.33,47894.17,41077729
2016-10-21,47973.79,48138.27,47869.28,47931.14,43107747
2016-10-24,48034.72,48542.29,48034.72,48508.91,39288998
2016-10-25,48591.7,48825.19,48434.48,48459.91,49549734
2016-10-26,48454.46,48582.6,48202.96,48381.29,41830435
2016-10-27,48384.67,48651.53,48347.43,48651.28,51225074
2016-10-28,48600.95,49070.85,48484.08,49070.85,42191330
2016-10-31,49024.6,49331.67,48997.06,49158.8,39128622
2016-11-02,48853.57,48853.57,47769.92,47899.1,59794239
2016-11-03,47902.88,48046.87,47752.07,47899.61,53247133
2016-11-04,47784.47,47828.92,47564.61,47610.85,31815595
2016-11-07,48179.18,48218.56,47597.96,47716.02,39341587
2016-11-08,47906.12,48127.63,47906.12,48127.63,37408084
2016-11-09,47208.3,48214.73,47208.3,48214.73,45980943
2016-11-10,48720.62,49129.58,48447.59,48447.59,62294275
2016-11-14,48626.04,48626.04,47539.85,47539.85,55279678
2016-11-15,47598.31,47788.62,47387.18,47579.82,53549992
2016-11-16,47725.58,47805.83,47489.85,47634.64,54348962
2016-11-17,47763.53,47791.13,47231.14,47274.21,38793929
2016-11-18,46966.77,47109.64,46674.28,46910.91,38614489
2016-11-21,47147.41,47512.34,47021.01,47512.34,54326657
2016-11-22,47838.77,48030.18,47838.77,48030.14,42041652
2016-11-23,48117.17,48540.67,47992.32,48540.67,49325446
2016-11-24,48656.65,48890.18,48565.33,48824.83,36487311
2016-11-25,48906.9,48942.71,48381.92,48579.08,49796551
2016-11-28,48602.54,48643.34,48167.07,48231.47,39127581
2016-11-29,48300.04,48381.88,48049.4,48199.38,46087856
2016-11-30,48304.23,48770.26,48250.88,48618.64,110287318
2016-12-01,48696.12,48696.12,48342.54,48404.21,45357218
2016-12-02,48399.33,48552.51,48360.11,48474.03,42208939
2016-12-05,48732.15,49647.48,48709.2,49647.48,38241227
2016-12-06,49733.41,50276.6,49618.9,50269.7,54094396
2016-12-07,50350.99,50605.98,50218.84,50380.35,79344877
2016-12-08,50623.33,51125.97,50309.54,51123.43,81952698
2016-12-09,51041.72,51100.06,50551.39,50693.75,59533133
2016-12-12,50779.39,50779.39,50247.69,50411.42,45550944
2016-12-13,50463.54,51152.49,50460.4,51139.37,65681956
2016-12-14,51064.67,51380.01,50919.34,51357.8,63593360
2016-12-15,51257.75,51302.41,50823.81,50881.35,43399580
2016-12-16,50982.38,51311.75,50733.89,51115.26,80278726
2016-12-19,50943.74,51212.91,50617.18,51129.31,46626174
2016-12-20,51294.59,51576.22,51275.62,51485.36,57733671
2016-12-21,51550.41,51699.67,51153.47,51223.85,48212406
2016-12-22,51145.03,51423.71,50859.75,51423.71,43088580
2016-12-23,51527.27,51609.71,51133.32,51295.58,27099162
2016-12-27,51314.38,51394.96,51225.76,51368.63,24338738
2016-12-28,51378.58,51548.35,51127.38,51329.77,38872933
2016-12-29,51334.68,51703.91,51333.97,51703.91,30899688
2016-12-30,51769.2,51921.03,51719.29,51754.03,34771319
2017-01-02,51743.43,52008.37,51608.44,51907.77,19547441
2017-01-03,52040.34,52532.35,52040.34,52532.35,51517729
2017-01-04,52670.78,52773.31,52436.34,52753.84,51569792
2017-01-05,52664.38,52842.55,52526.41,52721.67,50058969
2017-01-09,52783.13,53006.63,52594.43,53006.63,46439298
2017-01-10,53095.46,53571.02,53092.96,53409.72,58347692
2017-01-11,53515.63,53716.86,53276.9,53709.33,63003458
2017-01-12,53690.48,53989.49,53493.73,53650.94,66470547
2017-01-13,53707.82,53715.49,53301.85,53498.26,50573389
2017-01-16,53421.67,53847.63,53276.06,53706.41,42614340
2017-01-17,53716.09,53745.79,53497.76,53582.55,44183338
2017-01-18,53737.19,53737.46,53416.41,53431.86,62302759
2017-01-19,53505.27,53739.74,53480.75,53654.99,46901144
2017-01-20,53591.25,53865.85,53535.35,53573.28,47361849
2017-01-23,53502.33,53718.95,53401.87,53425.2,37986610
2017-01-24,53544.6,53988.51,53389.9,53988.51,50098193
2017-01-25,54273.33,55494.48,54273.33,55484.56,65951198
2017-01-26,55802.64,55929.47,55488.43,55560.23,95824617
2017-01-27,55615.55,55704.3,55258.17,55657.7,56092674
2017-01-30,55651.36,55772.15,55043.41,55060.44,43892086
2017-01-31,55104.36,55523.66,55008.13,55232.32,49222521
2017-02-01,55603.28,55854.57,55538.12,55651.75,46825631
2017-02-02,55633.43,55679.11,55236.4,55303.11,39907553
2017-02-03,55296.4,55456.67,55194.67,55408.23,40529773
2017-02-06,55456.89,55843.85,55359.11,55654.52,44288288
2017-02-07,55606.83,55758.32,55457.09,55617.09,38230222
2017-02-08,55665.5,55665.5,55397.51,55642.64,53461607
2017-02-09,55902.82,56869.97,55879.1,56785.52,69197626
2017-02-10,57193.08,57435.24,57193.08,57385.03,99114953
2017-02-13,57658.42,57952.75,57497.37,57857.85,84038540
2017-02-14,57905.43,57911.36,57535.61,57728.1,91808804
2017-02-15,57850.31,58058.19,57520.37,57899.25,73388307
2017-02-16,57964.09,58736.23,57810.91,58610.28,84510333
2017-02-17,58577.41,58656.02,57909.53,57972.68,57607247
2017-02-20,58168.72,58262.6,58001.32,58120.83,38239971
2017-02-21,58191.47,59331.91,58182.76,59331.91,57826072
2017-02-22,59493.11,59641.6,59101.65,59451.12,57480897
2017-02-23,59457.13,59844.93,59298.69,59583.89,71315371
2017-02-24,59505.11,59541.69,58444.25,58657.32,70723816
2017-02-27,58751.19,58905.87,58402.04,58681.67,54312021
2017-02-28,58775.09,58775.09,58170.94,58300.37,67220935
2017-03-01,58679.1,59683.33,58679.1,59646.29,87220421
2017-03-02,59808.87,60021.25,59494.78,59743.64,90442877
2017-03-03,59376.19,59596.19,59257.69,59313.38,90389611
2017-03-06,59277.34,59434.57,58900.77,58995.74,89336209
2017-03-07,58944.36,58996.42,58463.92,58530.07,109704282
2017-03-08,58464.95,58657.87,58231.99,58559.14,88653635
2017-03-09,58520.78,58557.28,57558.86,57986.6,76996267
2017-03-10,58219.36,58752.05,58219.36,58316.11,62035891
2017-03-13,58549.24,59322.58,58479.54,59322.58,71809731
2017-03-14,59455.26,59484.67,59060.29,59301.32,73820468
2017-03-15,59464.94,59524.78,59109.17,59109.17,78269273
2017-03-16,59833.12,60279.57,59791.28,60247.18,77533356
2017-03-17,60341.68,60631.65,60316.5,60440.57,94312959
2017-03-20,60413.36,60413.36,59871.73,60151.62,53972552
2017-03-21,60275.71,60511.03,59248.53,59452.75,82059333
2017-03-22,58839.55,58847.68,58313.36,58749.94,77854321
2017-03-23,58686.13,59122.18,58625.27,59093.68,77333668
2017-03-24,59135.27,59241.56,58836.61,59069.56,48386906
2017-03-27,58397.48,58515.47,58075.29,58338.9,40096619
2017-03-28,58646.57,58938.76,58541.15,58938.76,54693891
2017-03-29,59296.03,59375.3,58477.66,58709.72,71763993
2017-03-30,58768.13,58837.93,58154.21,58527.2,61022901
2017-03-31,58403.28,58461.71,57911.31,57911.31,53788903
2017-04-03,58258.3,58706.33,58166.29,58636.31,45923701
2017-04-04,58540.42,59092.16,58540.42,59015.12,48226474
2017-04-05,59276.61,59498.05,59015.25,59369.66,54343119
2017-04-06,58915.81,59406.36,58896.7,59406.36,52939627
2017-04-07,59190.62,59422.26,59017.52,59287.92,43207096
2017-04-10,59321.52,59388.02,59112.38,59112.38,44282615
2017-04-11,59069.6,59194.42,58295.12,58510.03,50564340
2017-04-12,58552.46,58880.54,58377.92,58377.92,49555978
2017-04-13,58478.13,58765.28,58429.87,58695.36,49467937
2017-04-18,58939.48,59223.25,58694.68,58762.99,50349193
2017-04-19,58968.54,59534.8,58888.27,59515.17,69102667
2017-04-20,59551.16,59805.49,59368.93,59700.07,60147423
2017-04-21,59834.29,59991.53,59174.6,59285.57,72535532
2017-04-24,59915.05,60100.71,59765.38,60061.41,51126467
2017-04-25,60286.3,61182.93,60225.75,61182.78,79408502
2017-04-26,61229.86,61699.64,60889.62,61699.64,86628490
2017-04-27,61513.45,61903.49,61451.5,61731.8,80664067
2017-04-28,61728.61,62039.43,61479.99,61644.56,82710908
2017-05-02,61932.93,62214.81,61871.01,62066.66,41829167
2017-05-04,62001.82,62666.49,61517.76,61862.8,76899234
2017-05-05,61503.49,61887.45,61227.82,61831.4,48285228
2017-05-08,62001.06,62084.88,61422.04,61687.05,71849798
2017-05-09,61849.69,62344.78,61768.37,62336.39,101355693
2017-05-10,62365.57,62482.29,61681.43,61839.91,67637039
2017-05-11,62175.26,62396.38,61474.55,61598.78,90369103
2017-05-12,61656.71,61724.06,61431.71,61595.38,54062641
2017-05-15,61975.93,61975.93,61541.08,61795.32,43915320
2017-05-16,61695.97,61889.3,60814,61000.25,59095664
2017-05-17,60563.94,60855.6,60120.6,60133.08,68886233
2017-05-18,60096.02,60247.45,59143.38,59901.12,58555947
2017-05-19,60010.48,60836.69,59853.35,60739.95,59773775
2017-05-22,60923.81,61131.55,60367,61024.86,50769409
2017-05-23,60867.96,61021.67,60316.76,60407.7,44096928
2017-05-24,60333.57,60812.49,60155.31,60812.49,51505619
2017-05-25,61452.84,61602.24,61186.74,61536.22,56602725
2017-05-26,61457.82,61457.82,60897.81,60907.75,33691151
2017-05-29,60918.1,60983,60637,60859.28,23423343
2017-05-30,60647.59,60701.15,60185.89,60344.58,39963534
2017-05-31,60383.95,60723.23,60057.91,60092.07,85645990
2017-06-01,60286.68,60333.13,59881.34,60181.96,48645372
2017-06-02,60587.95,60754.42,60498.41,60754.42,42165761
2017-06-05,60768.63,60772.99,60113.92,60179.36,34017985
2017-06-06,59859.02,60762.95,59859.02,60723.47,43334959
2017-06-07,60826.37,61120.42,60752.25,60752.25,57955033
2017-06-08,60865.92,61332.54,60615.95,61312.68,48975385
2017-06-09,61371.26,61631.76,61157.96,61181.57,38146419
2017-06-12,61044.81,61113.58,60211.28,60354.56,35060207
2017-06-13,60380.04,60592.39,60173.4,60518.24,29468172
2017-06-14,60577.25,60646.64,60213.79,60381.07,43555930
2017-06-16,60295.94,60654.35,60295.94,60481.07,50227906
2017-06-19,60833.96,61122.9,60815.8,61048.15,42655921
2017-06-20,61188.34,61224.43,60711.52,60841.94,32151894
2017-06-21,60721.7,61162.22,60389.37,61162.22,43381005
2017-06-22,61070.9,61258.94,60864.43,60987.33,32724456
2017-06-23,61006.11,61192.48,60928.93,60982.19,33487189
2017-06-26,61386.3,61895.83,61386.3,61701.57,34751962
2017-06-27,61727.72,62096.24,61639.35,61915.09,48970622
2017-06-28,61657.02,61729.22,61324.5,61411.73,37798520
2017-06-29,61741.72,61853.73,61162.97,61475.96,31396845
2017-06-30,61398.76,61398.76,60910.57,61018.36,40215740
2017-07-03,61126.43,61392.77,61023.06,61392.77,24616208
2017-07-04,61150.26,61152.13,60728.12,60728.12,24659388
2017-07-05,60901.26,60947.25,60758.74,60936.64,31223220
2017-07-06,60934.04,61256.79,60645.26,60869.83,24973066
2017-07-07,60913.45,60948.06,60681.7,60707.52,22649856
2017-07-10,61047.43,61100.45,60619.69,60829.24,21589034
2017-07-11,60975.05,61050.9,60673.21,60700.46,27251845
2017-07-12,60815.56,61601.72,60815.56,61601.72,47172330
2017-07-13,61707.26,62018.68,61670.58,62018.68,51446453
2017-07-14,62033.85,62127.72,61763.81,62127.72,36102407
2017-07-17,62342.01,62671.52,62289.97,62537.74,32970553
2017-07-18,62588.02,62761.44,62241.91,62331.5,33766876
2017-07-19,62499.37,62629.3,62281.49,62533.46,37050057
2017-07-20,62769.82,62853.78,62218.93,62269.72,44072196
2017-07-21,62336.77,62493.58,61936.46,61979.52,35507040
2017-07-24,61969.02,61992.63,61722.32,61828.39,28633360
2017-07-25,62040.82,62043.65,61748.96,61974.7,44463673
2017-07-26,62175.66,62377.47,62140.76,62362.29,34471427
2017-07-27,62403.6,62428.92,62023.78,62171.7,39419496
2017-07-28,62004.75,62367.59,61778.14,62366.5,53612787
2017-07-31,62329.92,62801.08,62329.92,62595.76,46418529
2017-08-01,62691.86,62800.96,62452.04,62800.96,41574662
2017-08-02,62927.15,63026.98,62354.41,62409.52,53547170
2017-08-03,62285.68,62465.63,62126.24,62231.08,53586891
2017-08-04,62357.71,62572.13,62331.8,62478.3,49928884
2017-08-07,62643.36,62700.1,62478.45,62684.88,35929538
2017-08-08,62709.59,63351.24,62642.34,63351.24,122310947
2017-08-09,63239.19,63253.68,62622.41,62932.28,77867864
2017-08-10,62859.8,63013.95,62399.31,62451.57,65564990
2017-08-11,62170.1,62296.18,62029.51,62206.45,75991234
2017-08-14,62487.01,62500.87,62257.9,62313.07,71338252
2017-08-16,62377.76,62820.37,62377.76,62481.19,74121906
2017-08-17,62445.79,62488.19,61949.4,61949.4,64418956
2017-08-18,61806.35,62053.31,61675.81,62053.31,63101356
2017-08-21,62117.45,62423.94,61939.41,62423.94,77280220
2017-08-22,62525.79,62795.99,62421.41,62649.41,78962617
2017-08-23,62714.48,62812.15,62366.05,62699.83,88076728
2017-08-24,62806.13,63886.54,62806.13,63886.54,105230582
2017-08-25,64153.45,64285.57,63909.32,64135.52,54642349
2017-08-28,64202.62,65191.96,64075.19,65170.56,59841538
2017-08-29,64973.73,65033.53,64026.15,64388.43,61822997
2017-08-30,64759.32,65108.41,64541.28,64957.87,58992194
2017-08-31,65042.53,65204.27,64645.61,64973.76,62042996
2017-09-01,64972.34,65244.55,64825.45,65208.48,47794135
2017-09-04,64862.18,65159.57,64824.55,65038.75,34861153
2017-09-05,65191.33,65611.21,64898.15,64994.9,42893317
2017-09-06,64991.17,65145.31,64644.81,64768.25,40926191
2017-09-07,64750.05,65028.58,64205.91,64381.87,58903822
2017-09-08,64257.67,64592.47,64194.58,64306.53,61091770
2017-09-11,64496.56,65080.71,64496.56,64876.56,43021474
2017-09-12,65104.79,65365.3,64685.21,64826.07,44184198
2017-09-13,64853.12,65141.23,64719.8,64719.8,47391572
2017-09-14,64790.65,64890.83,64595.14,64748.47,46130604
2017-09-15,64796.93,64897.64,64434.74,64535.67,87963916
2017-09-18,64949.24,65100.09,64536.82,64647.04,52359840
2017-09-19,64670.39,64833.31,64634.38,64750.09,55306325
2017-09-20,64872.62,65071.91,64410.26,64749.5,51906447
2017-09-21,64683.93,64755.51,64108.69,64209.19,45887105
2017-09-22,64107.72,64397.32,63982.64,64397.32,41987952
2017-09-25,64380.73,64481.9,63895.84,63895.84,39402238
2017-09-26,63918.62,64038.53,63527.13,63700.76,38905438
2017-09-27,63869.4,63949.35,63498.26,63573.49,35037595
2017-09-28,63740.06,63868.16,63567.19,63729.77,48713101
2017-09-29,63986.72,64368.44,63912.94,64289.69,49889561
2017-10-02,64552.98,64725.11,64232.12,64486.26,46458260
2017-10-03,64590.28,64851.05,64362.69,64407.81,45890168
2017-10-04,64545.55,64766.76,63798.8,63825.7,45066373
2017-10-05,63915.58,64268.86,63731.65,64185.71,35225793
2017-10-06,64282.11,64588.36,64192,64456.06,47916694
2017-10-09,64530.3,64761.83,64427.37,64755.22,29802084
2017-10-10,65043.1,65089.97,64856.78,65046.57,50802486
2017-10-11,65221.96,65849.01,65106.93,65733.79,76642501
2017-10-12,65971.89,66053.82,65529.1,65529.1,61839816
2017-10-13,65636.25,65686.88,65318.72,65318.72,35179827
2017-10-16,65647.53,65679.23,65381.02,65435.72,35820571
2017-10-17,65416.9,65478.28,64854.15,64854.15,42521363
2017-10-18,64979.14,65097.06,64474.44,64474.44,46607881
2017-10-19,64278.97,64488.27,63682.15,63745,43062407
2017-10-20,63952.15,64069.36,63549.75,63719.57,47633240
2017-10-23,63760.49,64054.71,63611.71,63714.74,35575424
2017-10-24,63751.25,63751.25,62997.92,63016.86,50245756
2017-10-25,62968.85,63348.77,62968.85,63158.16,47963721
2017-10-26,63323.61,63430.29,63050.52,63342.71,55383995
2017-10-27,63425.82,64097.97,63425.82,64054.62,96782356
2017-10-30,64199.28,64661.93,64199.28,64640.8,48396402
2017-10-31,64630.22,64866.57,64429.99,64866.57,45246522
2017-11-02,65020.01,65050.67,64281.98,64375.83,40514430
2017-11-03,64428.25,64548.56,64033.16,64214.11,37992064
2017-11-06,64407.62,64656.2,64009.61,64565.59,39018762
2017-11-07,64803.09,65633.77,64761.19,65134.28,57893243
2017-11-08,65293.14,65331.53,64591.53,64617.71,48025991
2017-11-09,64595.9,64616.57,63654.58,63923.62,44250373
2017-11-10,63784.23,63973.28,63415.6,63415.6,47198100
2017-11-13,63488.52,63614.68,62898.79,63160.3,59657735
2017-11-14,63503.77,63618.95,62999.89,63256.2,45115281
2017-11-15,63115.72,63118.1,62214.08,62345.85,39430677
2017-11-16,62666.43,62735.72,62245.21,62299.29,45732567
2017-11-17,62410.94,63059.59,62410.94,63047.02,35718638
2017-11-20,62954.94,63621.92,62914.48,63621.92,31880489
2017-11-21,63723.84,64112.39,63560.45,64010.67,45330204
2017-11-22,63858.47,64074.39,63658.52,63993.34,58048422
2017-11-23,63769.34,64423.02,63703.19,64207.77,35323868
2017-11-24,64326.89,64513.76,63807.21,63857.97,38592415
2017-11-27,63815.68,64266.68,63744.65,64177.91,54658977
2017-11-28,64093.83,64178.16,63750.59,63961.27,45150522
2017-11-29,64223.39,64322.74,62962.26,62962.26,54730140
2017-11-30,62896.81,63126.49,62440.31,62440.31,99458754
2017-12-01,62683.89,62829.7,61807.87,62031.02,42173463
2017-12-04,62186.66,62719.03,61631.16,62350.23,34696232
2017-12-05,62257.29,62753,62244.91,62507.04,36580222
2017-12-06,62113.01,62297.72,61927.8,62165.24,46805334
2017-12-07,62210.34,62552.59,61880.11,62164.65,46937969
2017-12-08,62568.13,62769.97,62208.7,62430.24,63818545
2017-12-11,62578.24,62590.21,61862.28,62000.65,34398119
2017-12-12,61945.55,62532.46,61796.27,62532.46,45878171
2017-12-13,62511.96,62641.28,62343.56,62547.97,40299902
2017-12-14,62498.81,62945.35,62482.59,62916.39,47664105
2017-12-15,62702.76,62830.33,62334.54,62619.6,69717206
2017-12-18,62855.59,63538.95,62855.59,63538.95,42854897
2017-12-19,63493.65,63761.1,63361.94,63406.04,46220579
2017-12-20,63558.61,63632.22,63222.39,63355.53,45704595
2017-12-21,63367.88,63477.25,63157.84,63477.25,44895839
2017-12-22,63490.46,63548.74,63234.49,63237.38,49168299
2017-12-27,63360.77,63919.16,63340.78,63918.87,72594297
2017-12-28,63915.96,64069.86,63696.78,64053.47,49892929
2017-12-29,63955.87,64041.35,63532.92,63746.2,40775216
2018-01-03,63988.33,64143.97,63269.89,63896.32,36237680
2018-01-04,64253.01,65327.83,64253.01,65297.96,57752692
2018-01-05,65280.13,65436.29,65051.07,65314.32,46716640
2018-01-08,65520.15,65806.03,65382.84,65805.97,39669836
2018-01-09,65906.05,65957.09,65244.12,65404.37,47296288
2018-01-10,65394.51,65394.51,64647.89,64884.73,38438472
2018-01-11,64942.04,65379.88,64724.79,65379.88,44282895
2018-01-12,65605.4,65697.37,65230.09,65465.65,33584054
2018-01-15,65528.36,65626.31,65198.89,65503.35,23756917
2018-01-16,65553.09,66608.8,65301.29,66437.64,50503772
2018-01-17,66405.55,66748.42,66369.44,66685.33,38297024
2018-01-18,66874.01,66960.63,66678.37,66709.12,36335983
2018-01-19,66847.71,66905.05,66660.01,66897.08,32603755
2018-01-22,67005.37,67308.69,66856.03,67308.69,31266906
2018-01-23,67607.05,67933.05,67116.26,67529.39,47804540
2018-01-24,67445.41,67445.41,67044.7,67339.21,34861869
2018-01-25,67108.25,67181.57,66537.12,66561.79,36385233
2018-01-26,66700.63,66861.37,66598.85,66861.37,36927777
2018-01-29,67031.49,67036.35,66524.78,66769.38,43058213
2018-01-30,66484.39,66489.37,65903.2,66153.16,40262490
2018-01-31,66177.15,66416.6,66041.56,66048.17,38689698
2018-02-01,66221.11,66524.54,65074.57,65585.79,39952179
2018-02-02,65426.58,65482.94,64920.33,65021.36,30755828
2018-02-05,64413.59,64781.73,64387.49,64685.64,32900813
2018-02-06,63197.07,63197.07,62141.27,62527.37,66479112
2018-02-07,62916.54,63262.13,62790.01,63262.13,42895803
2018-02-08,63174.2,63361.76,62604.89,62604.89,40820842
2018-02-09,62014.75,62462.42,61779.84,61952.62,50727210
2018-02-12,62552.39,62901.91,62523.21,62602.34,27481527
2018-02-13,62808.64,63008.51,62707.06,63008.51,32897976
2018-02-14,63231.77,63500.92,62822.61,63500.92,34244028
2018-02-15,63915.52,64042.13,63078.16,63078.16,30460963
2018-02-16,63428.66,63471.9,62545.91,62818.71,33265484
2018-02-19,62884.53,63061.49,62633.59,62803.65,20382450
2018-02-20,62684.37,62907.95,62447.08,62858.56,21367522
2018-02-21,62725.25,62777.44,62353.25,62603.25,32534909
2018-02-22,62233.82,62741.73,61838.93,62717.27,42983350
2018-02-23,63001.82,63008.85,62396,62665.06,29307054
2018-02-26,63025.31,63086.8,62544.71,62659.44,27100015
2018-02-27,62976.25,63028.11,62666.14,62928.22,38880689
2018-02-28,62606.84,62606.84,61686.93,61703.18,50912383
2018-03-01,61586.44,61679.69,60650.7,61116.96,44745177
2018-03-02,60731.2,61014.72,60360.82,60580.36,36893107
2018-03-05,60308.56,60854.63,60272.64,60854.63,27792342
2018-03-06,61206.74,61208.5,60963.36,61118.06,33256554
2018-03-07,60798.69,61670.85,60697.03,61635.69,39080532
2018-03-08,61708.98,61711.68,60931.98,61036.99,33077441
2018-03-09,61073.26,61688.08,60463.69,61688.08,34431284
2018-03-12,61986.42,62241.93,61810.98,62241.93,33497085
2018-03-13,62193.99,62264.72,61664.66,61740.09,41837558
2018-03-14,61731.29,61752.01,61312.5,61399.9,45952003
2018-03-15,61606.32,61719.75,61070.73,61156.91,34442855
2018-03-16,61127.34,61127.54,60275.66,60391.42,81021699
2018-03-19,60459.41,60501.6,59581.19,59596.35,30902849
2018-03-20,59577.21,60067.51,59290.76,59959.9,36939175
2018-03-21,59996.4,60939.18,59977.93,60932.26,41076002
2018-03-22,60734.8,61099.86,59784.64,59862.55,42632166
2018-03-23,59271.85,59551.36,58973.77,59436.36,35024338
2018-03-26,59524.67,59637.51,58965.53,58965.53,28329575
2018-03-27,59686.94,59838.11,59071.84,59077.72,32988309
2018-03-28,58832.79,58858.1,57947.92,58176.39,50366552
2018-03-29,58520.39,58678.74,58353,58377.42,37368481
2018-04-03,58375.85,59129.84,58173.3,58902.2,35305911
2018-04-04,58848.83,58897.63,58230.62,58354.95,38772658
2018-04-05,58945.33,59293.02,58918.9,59244.04,31907083
2018-04-06,59196.07,59689.95,58996.75,59553.13,32222320
2018-04-09,59685.88,60145.28,59366.32,59699.72,35800404
2018-04-10,60074.63,60074.63,59545.47,59860.3,44140690
2018-04-11,59835.08,60140.21,59452.61,59740.56,40072283
2018-04-12,59701.79,60437.33,59692.31,60393.23,37570893
2018-04-13,60600.47,60687.23,60344.86,60477.53,38534011
2018-04-16,60521.7,60536.84,60084.78,60264.16,23708499
2018-04-17,60420.32,60434.76,60046.7,60294.06,27149788
2018-04-18,60337.33,60517.08,60091.36,60517.08,31561854
2018-04-19,60475.07,61008.88,60410.64,60629.81,29456850
2018-04-20,60600.76,60819.23,60144.37,60144.37,36173998
2018-04-23,60121.5,60303.01,59952.53,59952.53,28612462
2018-04-24,60181.79,60407.3,59485.35,59485.35,38658512
2018-04-25,59466.97,59611.04,59137.82,59243.55,52406749
2018-04-26,59168.64,59674.34,59168.64,59628.04,52082588
2018-04-27,59709.76,59831.89,59383.59,59567.47,47099648
2018-04-30,59614.39,60022.82,59596.63,59932.46,33967097
2018-05-02,59953.59,60219.19,59794.09,60066.46,31718539
2018-05-04,59745.59,59840.3,58752.27,58883.65,33871318
2018-05-07,59050.63,59243.76,58524.73,58596.43,29059137
2018-05-08,58723.98,58869,58405.34,58869,47564267
2018-05-09,58919.96,59726.71,58910.75,59691.85,45108472
2018-05-10,60009.26,60227.97,59684.18,60091.26,47349079
2018-05-11,60120.25,60784.11,60072.62,60784.11,36062605
2018-05-14,60824.25,60874.54,60426.78,60738.69,34103390
2018-05-15,60521.58,60523.22,59674.37,59723.95,56105637
2018-05-16,59778.44,59794.93,59358.87,59791.27,44445860
2018-05-17,59556.8,59769.97,59236.6,59337.27,39195853
2018-05-18,59319.69,59546.78,58622.75,58740.33,43144262
2018-05-21,58877.41,59444.82,58849.8,59335.68,29350685
2018-05-22,59305.88,59347.39,58752.36,59015.14,35825419
2018-05-23,58818.92,58839.47,57906.84,58033.72,47479655
2018-05-24,58152.32,58672.51,58021.42,58189.49,58259141
2018-05-25,58311.05,58394.09,57865.85,58233.23,51359513
2018-05-28,58203.34,58575.95,58052.74,58330.15,42770689
2018-05-29,58128.61,58180.48,57230.22,57871.23,61333145
2018-05-30,57564.95,57629.71,57043.6,57282.73,195552339
2018-06-01,57295.48,57890.11,56946.82,57890.11,42355358
2018-06-04,58158.72,58367.85,58035.51,58206.49,46430697
2018-06-05,58239.05,59089.6,57983.15,59089.6,40898101
